id;user_id;name;dob;national_id;profile_image_url;guardian_type;email_address;phone_number;entity_status;creation_date;modified_date
1;6499;litigation platter;2023-10-25;afore unto;lightly;MOTHER;amidst collapse excluding;riding;INACTIVE;2023-10-26T02:30:45;2023-10-26T04:48:17
2;2512;huzzah;2023-10-26;however nest;huzzah save;FATHER;outside superior than;likewise shovel;INACTIVE;2023-10-26T09:07:00;2023-10-25T22:09:34
3;31851;while or;2023-10-26;upright timeout suddenly;gah;MOTHER;ew forked;because;ACTIVE;2023-10-25T17:16:34;2023-10-26T03:58:28
4;28030;eventually whispered;2023-10-26;hence till;unless blissfully outside;BROTHER;wee blindly beneath;lest pleasure;ACTIVE;2023-10-25T15:52:13;2023-10-26T03:48:02
5;9878;blindly sake;2023-10-25;playfully unimpressively lest;besides;BROTHER;judgementally;utterly when;ACTIVE;2023-10-26T06:29:14;2023-10-26T08:17:36
6;10535;following ew;2023-10-26;through along;knot since;SISTER;incompetence some;phew;ACTIVE;2023-10-25T16:13:13;2023-10-26T06:42:18
7;3833;eek amidst commit;2023-10-26;effort red mezzanine;versus;SISTER;association alias urgently;submit;INACTIVE;2023-10-25T16:57:19;2023-10-26T07:02:02
8;21877;how amid;2023-10-26;mess;gracefully definite or;SISTER;accurate;furthermore eek;INACTIVE;2023-10-26T00:30:39;2023-10-26T13:42:44
9;4443;slippery;2023-10-26;deride fondly disparity;adopt;FATHER;upon meringue that;competent bassinet;ACTIVE;2023-10-25T17:15:59;2023-10-25T17:23:36
10;27986;likewise apropos;2023-10-26;guinea key betide;lipid joyfully;GUARDIAN;rarely;if;ACTIVE;2023-10-26T08:57:33;2023-10-25T16:04:31
