id;name;dob;class_level;profile_image_url;home_address;longitude;latitude;billing_status;next_billing_cycle;entity_status;creation_date;modified_date
1;divorce sparse;2023-10-25;GRADE_1;denote;supposing nifty;incidentally sans;laryngitis gosh;ACTIVE;2023-10-26T05:20:11;ACTIVE;2023-10-25T22:58:34;2023-10-25T22:27:52
2;since;2023-10-26;GRADE_5;widen oof;doting;likewise fortunately phooey;nor;ACTIVE;2023-10-26T06:57:56;ACTIVE;2023-10-25T15:08:15;2023-10-26T07:00:27
3;safely;2023-10-25;GRADE_1;parallel regarding fooey;except amid after;before yahoo when;sternly till;OVERDUE;2023-10-26T00:25:00;INACTIVE;2023-10-25T16:06:50;2023-10-26T12:03:32
4;aw amid;2023-10-26;GRADE_2;cannon thatch;yippee than brick;mockingly;into besmirch rarely;OVERDUE;2023-10-25T22:30:19;INACTIVE;2023-10-26T01:21:01;2023-10-25T21:15:04
5;noisily amidst honoree;2023-10-25;GRADE_5;near;mostly beyond;past;zowie beyond;ACTIVE;2023-10-26T09:16:14;INACTIVE;2023-10-26T06:52:38;2023-10-26T03:50:06
6;cameo almond;2023-10-26;GRADE_4;finally than;strictly overfeed;timber;mango;OVERDUE;2023-10-26T01:15:43;INACTIVE;2023-10-26T11:19:51;2023-10-26T07:11:13
7;hmph provided supposing;2023-10-26;GRADE_1;code recorder bony;yahoo;lost wasting lumpy;bravely evacuate spirited;ACTIVE;2023-10-25T15:26:08;ACTIVE;2023-10-26T11:45:38;2023-10-26T10:46:50
8;an consequently trigger;2023-10-26;GRADE_4;over and;supposing;bandwidth hmph because;lively;ACTIVE;2023-10-26T04:44:04;ACTIVE;2023-10-25T23:51:19;2023-10-26T02:19:03
9;once;2023-10-25;GRADE_2;aside ha;in growth curiously;merit;cheer last towards;ACTIVE;2023-10-26T08:00:28;INACTIVE;2023-10-25T19:50:47;2023-10-25T17:20:39
10;even struggle;2023-10-26;GRADE_3;phew rapidly;aboard;vital duh;finally lest;ACTIVE;2023-10-25T21:39:56;ACTIVE;2023-10-25T19:11:16;2023-10-25T16:28:02
